user_id,plan,started_at,canceled_at,auto_renew
1976,Basic,2024-06-16 09:47:12,,True
4432,Pro,2024-10-19 00:28:33,,False
3937,Pro,2024-02-23 16:23:33,,True
2964,Pro,2024-08-01 15:41:44,2024-11-25 15:41:44,False
1533,Pro,2024-01-03 16:47:58,,True
650,Premium,2025-03-04 14:48:09,2025-04-25 14:48:09,True
4485,Basic,2024-05-26 23:18:05,,False
2404,Basic,2024-01-01 04:58:33,,False
4612,Basic,2025-05-13 14:36:15,,True
4799,Pro,2024-12-27 03:02:09,,True
102,Pro,2024-01-31 20:52:06,,True
4082,Premium,2025-04-09 00:37:09,,False
4556,Pro,2024-02-11 18:02:35,,True
306,Basic,2024-10-31 13:28:53,2024-11-23 13:28:53,True
1252,Pro,2024-07-10 01:28:16,,False
5772,Basic,2024-07-03 10:59:01,,True
3159,Premium,2024-10-19 14:31:40,,True
4943,Basic,2024-02-12 12:36:46,,True
3928,Basic,2024-04-10 02:07:45,,True
591,Basic,2025-01-11 19:56:01,2025-02-16 19:56:01,True
4930,Premium,2024-05-25 18:45:58,2024-10-28 18:45:58,True
1419,Basic,2024-04-04 17:53:22,,True
5567,Basic,2025-07-14 06:23:50,2025-09-23 06:23:50,True
5830,Basic,2024-09-16 16:54:01,,True
777,Basic,2024-11-24 14:37:57,,True
1192,Basic,2024-12-30 23:15:15,,True
3443,Basic,2025-10-14 01:40:45,,True
625,Basic,2025-07-16 08:58:00,,True
4609,Pro,2024-05-07 06:41:05,,True
4765,Basic,2024-11-23 07:24:21,2025-05-19 07:24:21,True
1921,Pro,2024-02-23 11:38:41,,True
2835,Pro,2025-01-15 12:05:00,,False
2003,Pro,2025-08-02 08:20:18,,False
3070,Premium,2025-08-29 09:39:25,,True
1330,Premium,2024-06-02 15:23:12,,True
5031,Basic,2024-11-29 11:08:09,,True
295,Pro,2024-05-25 06:17:10,2024-11-04 06:17:10,False
2300,Pro,2025-04-01 11:31:19,,True
5115,Basic,2024-04-23 01:48:37,,True
3009,Basic,2024-08-14 09:33:39,,True
2352,Pro,2024-09-06 12:33:19,2024-10-25 12:33:19,True
4912,Pro,2025-09-22 10:17:30,,True
3346,Basic,2025-04-09 15:35:09,,True
1701,Basic,2025-06-03 05:56:42,,True
5318,Pro,2025-02-27 11:28:55,,True
5145,Pro,2025-03-20 10:22:27,,True
4997,Pro,2024-12-31 14:21:57,2025-05-23 14:21:57,True
2975,Basic,2025-07-03 16:21:46,,True
3400,Premium,2024-12-15 21:25:23,,True
550,Pro,2024-12-19 07:38:05,,True
1641,Basic,2024-05-31 20:03:25,,True
154,Pro,2025-02-26 10:52:12,,False
4464,Basic,2025-07-18 02:52:44,,True
4772,Premium,2025-07-29 17:48:05,,True
2820,Basic,2024-05-21 14:24:28,,True
1791,Basic,2025-06-20 21:04:24,,True
1678,Basic,2024-08-21 13:55:04,,True
1633,Basic,2024-05-30 20:59:17,,True
1836,Basic,2025-01-25 06:21:07,,True
721,Basic,2024-05-01 07:46:28,,True
429,Pro,2024-02-19 17:33:58,2024-07-30 17:33:58,True
5718,Pro,2024-08-04 23:42:29,2024-11-15 23:42:29,True
4217,Basic,2024-12-01 16:21:26,,True
664,Pro,2024-05-09 01:45:20,2024-09-03 01:45:20,True
4182,Pro,2025-04-06 09:06:35,,True
4863,Pro,2024-05-04 06:13:24,,True
840,Basic,2024-05-08 17:52:32,2024-12-09 17:52:32,True
2924,Premium,2024-05-24 12:39:21,2024-09-21 12:39:21,True
2669,Basic,2024-05-04 18:04:17,2024-06-07 18:04:17,False
3555,Premium,2025-02-15 17:22:51,,True
227,Pro,2025-10-25 10:24:24,,True
2851,Premium,2024-06-22 06:39:03,,True
4693,Basic,2024-06-01 20:29:37,,True
5979,Basic,2025-02-09 11:36:09,,False
3338,Premium,2025-07-13 19:12:12,,True
4038,Basic,2025-09-02 18:57:50,,False
3511,Basic,2024-03-05 05:54:37,,True
938,Basic,2024-06-01 21:31:15,2025-01-08 21:31:15,False
3245,Basic,2025-01-23 10:35:23,2025-07-06 10:35:23,True
4014,Basic,2024-09-09 18:29:00,2024-12-28 18:29:00,True
1384,Pro,2024-05-17 04:05:43,,True
957,Basic,2025-07-14 16:38:33,,True
514,Basic,2024-05-06 20:51:46,,True
991,Pro,2024-06-17 21:56:45,2024-10-27 21:56:45,True
5424,Pro,2024-09-19 10:00:20,2025-02-24 10:00:20,True
1208,Pro,2025-04-12 02:40:35,,False
3707,Pro,2024-01-22 16:59:15,,False
1321,Basic,2024-10-25 20:51:17,,True
4258,Premium,2024-04-22 06:34:05,,True
925,Basic,2025-01-11 23:29:37,,True
2566,Basic,2025-06-13 10:34:07,2025-06-21 10:34:07,False
614,Basic,2024-01-22 06:53:37,,True
3947,Pro,2025-08-22 04:08:31,,True
578,Basic,2025-03-27 04:48:39,,True
3469,Pro,2025-07-01 21:16:15,,True
726,Pro,2024-08-14 05:38:00,,True
3221,Pro,2025-09-27 12:19:07,,True
4805,Pro,2025-10-23 08:45:46,,True
5038,Pro,2024-02-02 21:46:35,2024-09-18 21:46:35,True
5705,Premium,2025-07-12 12:52:21,2025-09-12 12:52:21,True
4184,Basic,2025-06-17 22:47:38,,False
5480,Premium,2024-03-15 11:36:59,,True
1130,Pro,2024-08-03 20:26:23,,False
1670,Pro,2024-08-20 11:15:03,2025-01-25 11:15:03,True
3081,Pro,2024-02-27 19:06:25,,False
2102,Pro,2024-05-13 10:01:31,,True
2364,Premium,2024-08-29 22:46:15,,True
2428,Basic,2024-09-19 20:07:06,,True
5431,Basic,2024-05-04 14:07:07,,False
661,Basic,2024-05-24 02:26:07,,True
1155,Pro,2025-04-03 11:17:56,2025-05-26 11:17:56,True
5929,Basic,2024-04-30 06:32:25,2024-11-20 06:32:25,True
2974,Pro,2024-07-14 10:54:35,,True
4601,Pro,2025-09-21 21:37:13,,True
4780,Basic,2024-10-14 03:21:12,,True
2385,Basic,2024-10-28 06:25:48,2025-03-15 06:25:48,True
536,Pro,2024-12-09 21:55:42,,True
2655,Basic,2025-06-08 13:27:15,,False
5824,Basic,2024-01-21 09:56:46,,True
845,Pro,2025-02-09 18:16:49,2025-06-24 18:16:49,True
3738,Basic,2025-05-31 18:52:44,,True
2577,Pro,2025-10-02 03:09:47,,False
480,Basic,2025-05-16 00:06:16,,True
2438,Pro,2025-03-16 15:13:59,,True
2426,Basic,2024-06-20 06:43:03,2025-02-01 06:43:03,True
2195,Premium,2025-03-22 20:02:04,2025-10-16 20:02:04,False
3989,Pro,2025-07-02 13:07:20,,False
2814,Basic,2024-06-25 01:53:21,,True
5695,Pro,2025-06-25 15:20:39,,True
298,Basic,2025-05-15 07:08:35,,True
2728,Pro,2024-09-27 15:37:46,,True
3665,Basic,2024-01-27 21:05:41,2024-03-03 21:05:41,False
3602,Basic,2024-08-05 03:02:20,,True
2290,Basic,2024-11-18 07:50:48,,True
5585,Pro,2024-05-01 09:02:56,,True
2349,Basic,2025-06-23 03:39:59,,False
2836,Basic,2025-04-21 14:28:37,2025-10-30 14:28:37,True
4395,Basic,2025-06-21 03:44:59,,False
4288,Basic,2024-05-26 22:24:55,2024-06-18 22:24:55,True
5252,Basic,2024-06-01 17:11:08,2024-07-11 17:11:08,True
2588,Basic,2025-05-14 05:13:25,,False
3874,Basic,2024-12-22 13:53:01,,False
4161,Basic,2024-08-04 04:32:01,,True
3334,Pro,2024-03-28 17:17:50,2024-09-30 17:17:50,False
4515,Basic,2024-09-30 17:29:04,,False
583,Pro,2024-06-01 19:42:02,,True
4440,Pro,2024-09-22 15:27:14,2024-11-27 15:27:14,True
811,Basic,2025-03-05 09:15:03,,False
5750,Premium,2025-09-28 03:15:12,,True
590,Premium,2025-09-23 01:19:22,,False
4338,Pro,2025-07-18 23:51:34,,True
2005,Basic,2024-06-30 23:28:47,2024-08-18 23:28:47,True
1973,Basic,2024-06-09 22:54:52,2024-12-29 22:54:52,True
3785,Basic,2025-07-09 21:14:07,,True
2862,Premium,2025-02-09 16:09:00,,True
3454,Basic,2024-12-13 00:34:44,,True
901,Pro,2025-01-29 22:27:45,,True
5421,Pro,2025-05-15 03:46:24,,True
2312,Pro,2025-03-28 10:47:01,2025-09-20 10:47:01,False
5488,Pro,2024-10-10 16:01:36,,False
3212,Basic,2025-09-03 20:58:52,,False
842,Premium,2025-04-29 18:46:58,,True
2256,Basic,2024-03-02 21:27:51,,False
2868,Basic,2025-07-22 01:37:54,,True
1256,Pro,2025-09-18 12:39:35,,True
4400,Basic,2025-04-18 08:13:07,,True
4471,Pro,2024-01-17 19:14:39,2024-03-09 19:14:39,False
4928,Premium,2024-09-21 08:29:55,2025-04-06 08:29:55,True
4340,Pro,2024-07-07 04:58:16,,False
1430,Basic,2025-08-15 04:59:46,,True
5142,Pro,2024-01-26 01:32:38,,True
1737,Pro,2025-03-25 23:02:32,,True
974,Pro,2025-05-11 07:58:01,2025-09-28 07:58:01,True
809,Premium,2025-08-01 08:00:09,,False
5859,Pro,2024-07-27 03:16:15,,False
3484,Basic,2024-09-21 07:14:08,2024-11-17 07:14:08,True
5475,Basic,2025-03-12 01:07:14,,True
453,Basic,2025-01-09 13:11:56,2025-06-21 13:11:56,False
4921,Pro,2024-10-07 17:08:32,2025-04-30 17:08:32,False
4371,Basic,2025-03-19 00:41:58,,False
4685,Basic,2024-09-25 09:48:51,,True
4256,Pro,2024-02-15 23:29:30,,False
4431,Basic,2025-01-30 04:06:08,,True
33,Premium,2025-06-27 04:09:19,,False
190,Basic,2024-05-23 19:44:05,2024-12-01 19:44:05,False
5889,Pro,2024-09-25 06:02:41,,True
1450,Basic,2025-09-20 01:47:52,,True
1146,Pro,2025-01-05 11:55:17,,True
1952,Premium,2024-04-10 06:47:38,,True
1600,Basic,2024-06-23 18:12:40,,False
4712,Premium,2024-05-21 06:56:10,,True
1230,Pro,2025-07-29 14:18:59,,False
5415,Basic,2025-06-26 06:19:25,,True
1524,Premium,2025-06-12 21:01:22,,True
5275,Basic,2024-05-28 10:08:40,,True
2812,Basic,2024-01-11 21:08:32,,True
1074,Basic,2024-01-05 09:50:03,2024-07-21 09:50:03,True
855,Premium,2025-01-09 10:08:06,,True
4037,Basic,2024-01-04 11:29:05,,False
5370,Basic,2025-03-10 14:55:52,,True
5709,Premium,2024-11-23 06:55:12,,False
1869,Pro,2024-02-24 09:36:58,2024-03-31 09:36:58,True
4479,Premium,2025-03-09 01:32:47,,False
1637,Basic,2024-12-04 10:37:36,2024-12-28 10:37:36,False
4818,Premium,2025-04-13 08:49:00,2025-05-25 08:49:00,False
2296,Premium,2025-09-23 18:38:34,,True
5126,Pro,2024-08-23 17:39:48,,True
3570,Pro,2025-01-25 15:46:00,2025-08-26 15:46:00,False
3613,Basic,2025-10-03 10:05:34,,True
5733,Basic,2024-08-19 10:41:39,,True
3290,Basic,2024-11-01 21:15:20,2024-12-08 21:15:20,True
2308,Basic,2025-06-13 03:49:05,2025-09-20 03:49:05,True
179,Pro,2024-12-20 11:33:16,,False
5514,Premium,2024-08-09 11:10:58,,True
255,Basic,2024-12-28 05:55:25,2025-04-22 05:55:25,True
247,Basic,2025-07-12 12:54:43,2025-11-01 12:54:43,True
2733,Pro,2025-05-04 10:02:07,,False
4348,Basic,2025-08-08 01:13:37,,True
753,Basic,2024-09-28 21:59:31,2025-02-21 21:59:31,False
3235,Basic,2024-05-10 15:14:40,,False
2847,Basic,2025-07-31 05:24:17,,True
180,Premium,2025-04-26 09:22:43,2025-07-13 09:22:43,False
4922,Pro,2024-03-17 02:22:09,,True
4959,Pro,2024-07-27 20:14:03,2024-11-14 20:14:03,False
5829,Premium,2025-03-01 10:05:48,,True
2330,Pro,2024-07-12 21:06:53,,False
3563,Premium,2025-07-28 17:36:05,,True
2437,Basic,2024-10-11 20:23:51,2025-03-06 20:23:51,True
5869,Basic,2025-05-17 00:18:39,2025-09-19 00:18:39,False
5139,Basic,2024-10-22 19:04:04,2025-03-18 19:04:04,False
980,Basic,2024-10-08 23:53:11,,True
2788,Pro,2024-02-02 02:37:46,,True
5118,Pro,2025-03-07 20:34:05,2025-06-19 20:34:05,True
1764,Basic,2025-05-10 13:38:55,,True
1298,Basic,2025-08-21 22:29:07,,False
4942,Basic,2024-10-22 22:09:35,,True
91,Basic,2025-03-19 19:13:25,,True
345,Premium,2024-04-15 22:16:52,,True
4862,Pro,2025-05-31 04:30:59,,False
5510,Basic,2025-10-13 04:32:26,,False
1961,Basic,2024-04-18 06:35:29,,True
2543,Pro,2024-12-21 19:07:36,,True
3229,Basic,2025-10-17 21:32:49,,False
1572,Premium,2025-05-28 02:15:47,,True
4866,Premium,2024-01-01 12:35:49,,True
5876,Premium,2025-08-02 15:39:54,,True
1729,Pro,2024-05-14 03:35:38,,True
5194,Basic,2024-09-15 14:26:44,2025-02-06 14:26:44,False
4093,Basic,2025-09-27 22:49:17,,False
1448,Basic,2024-04-11 02:52:20,,True
3864,Pro,2025-06-10 05:16:53,,True
1114,Basic,2025-06-14 15:14:17,,True
3748,Basic,2024-10-13 14:20:10,,False
3486,Basic,2025-09-15 14:11:10,,False
4162,Pro,2025-09-14 17:58:08,,True
2031,Premium,2025-05-08 07:52:04,,True
3968,Basic,2025-06-02 20:15:28,,True
5131,Basic,2025-07-02 23:31:39,,True
1308,Premium,2024-07-24 04:42:12,,True
3745,Basic,2025-05-01 03:37:42,,True
161,Premium,2024-03-21 05:42:57,2024-08-28 05:42:57,True
1932,Premium,2025-09-10 06:10:29,,True
3977,Basic,2024-03-26 21:11:38,,True
4054,Basic,2025-08-02 10:21:41,2025-09-06 10:21:41,True
710,Pro,2025-06-02 19:24:00,,True
3137,Pro,2024-02-18 05:37:38,,True
5185,Basic,2025-08-05 21:06:39,,False
4352,Pro,2024-10-12 19:12:26,2024-11-11 19:12:26,True
4698,Pro,2024-10-02 19:17:38,2025-01-24 19:17:38,True
5204,Pro,2025-07-27 21:25:45,,True
1671,Basic,2024-11-14 19:53:45,,True
1642,Premium,2024-05-18 05:01:46,,True
2625,Premium,2025-05-22 11:12:35,2025-09-12 11:12:35,False
4299,Basic,2024-08-23 13:34:35,2024-09-21 13:34:35,False
409,Pro,2024-02-25 16:42:43,,True
1946,Pro,2024-04-20 22:37:54,2024-08-07 22:37:54,True
1515,Basic,2024-11-24 09:56:59,,True
2254,Basic,2025-05-27 09:57:17,2025-08-14 09:57:17,True
3397,Pro,2024-11-13 00:35:57,,True
3289,Premium,2024-12-12 04:24:23,,True
5362,Basic,2024-11-22 21:47:18,,True
342,Pro,2025-05-15 20:55:53,,True
491,Basic,2025-01-29 02:37:39,,True
687,Premium,2024-01-21 07:50:55,,True
2011,Basic,2025-09-02 11:12:08,,True
1945,Basic,2025-05-17 19:43:18,,False
835,Premium,2025-03-18 10:11:41,,True
3763,Pro,2025-10-04 15:55:47,,False
2087,Basic,2024-07-25 01:42:08,,True
1398,Premium,2024-02-08 08:01:51,,False
3121,Pro,2025-07-27 23:22:15,,True
1917,Pro,2024-08-31 04:09:10,,True
4236,Basic,2025-03-17 12:11:41,,False
2487,Premium,2024-11-08 11:20:50,2025-02-17 11:20:50,True
786,Premium,2024-08-22 17:44:09,2024-08-31 17:44:09,True
1930,Basic,2025-01-10 20:02:32,,True
5210,Basic,2024-01-28 11:57:07,,False
1700,Pro,2024-07-11 21:40:33,,True
5439,Pro,2024-06-04 15:20:04,,True
580,Basic,2024-11-25 13:26:50,2025-02-11 13:26:50,False
234,Basic,2025-09-30 01:46:05,,True
5792,Pro,2024-07-26 02:27:51,,False
1085,Pro,2024-05-12 10:49:22,,False
2518,Pro,2025-10-15 12:13:38,,True
3475,Basic,2024-08-12 12:29:31,,True
253,Basic,2025-10-16 07:16:56,,True
3695,Basic,2025-08-17 17:14:13,,False
1883,Premium,2024-09-09 08:44:46,2025-05-02 08:44:46,False
17,Pro,2025-08-13 02:22:28,2025-09-30 02:22:28,True
699,Premium,2024-06-03 06:15:50,,False
4910,Basic,2025-07-09 11:19:44,,False
1722,Premium,2024-05-01 01:51:53,2024-11-18 01:51:53,False
1513,Basic,2024-01-19 05:21:57,2024-07-08 05:21:57,True
1933,Basic,2024-11-30 03:03:07,,False
3882,Pro,2024-09-05 16:21:20,,True
5161,Basic,2024-07-29 05:21:40,,True
3379,Pro,2025-10-22 11:35:48,,True
4403,Premium,2025-07-18 06:21:50,,True
278,Basic,2025-07-22 22:51:06,,False
4289,Premium,2024-06-23 16:49:58,,True
685,Basic,2024-04-18 22:07:14,,True
4010,Basic,2024-11-12 21:13:15,,True
4023,Basic,2025-05-07 09:09:25,2025-08-04 09:09:25,True
3799,Premium,2024-02-22 03:48:43,,False
4022,Basic,2024-08-17 01:55:38,,True
4968,Basic,2024-06-20 09:19:19,,True
3410,Pro,2024-08-19 18:02:55,,True
4737,Basic,2024-02-15 13:27:13,,False
1464,Pro,2025-06-24 04:50:48,,True
3712,Premium,2025-06-01 02:30:07,,True
4662,Basic,2025-10-15 07:39:13,,True
2530,Basic,2025-08-18 07:29:07,,True
1655,Pro,2025-10-08 12:24:51,,True
5798,Basic,2024-06-10 08:48:03,2024-12-12 08:48:03,False
1859,Pro,2025-01-06 15:03:32,,True
1491,Premium,2024-02-25 07:11:05,2024-04-07 07:11:05,True
1254,Premium,2024-09-25 03:33:13,,False
5438,Premium,2024-04-26 00:13:07,,False
1968,Pro,2025-10-15 21:46:46,,False
1169,Basic,2025-07-06 10:51:08,,True
5188,Pro,2024-07-25 23:45:41,2024-12-16 23:45:41,True
8,Pro,2024-05-27 15:03:12,,True
5632,Premium,2025-09-09 09:39:20,,True
4652,Basic,2024-04-03 00:32:22,,True
2545,Pro,2024-02-03 09:46:35,2024-04-18 09:46:35,True
3394,Basic,2025-04-17 18:55:41,,True
5817,Pro,2024-02-20 10:54:55,,True
3495,Basic,2024-09-17 07:38:07,,True
2396,Basic,2025-06-08 22:14:21,,True
2372,Premium,2025-10-17 00:28:28,,True
3521,Premium,2024-11-15 10:28:39,,True
268,Pro,2025-02-18 09:05:43,,False
34,Basic,2024-07-11 04:57:32,2025-02-11 04:57:32,True
2920,Premium,2025-05-20 07:02:48,2025-08-30 07:02:48,False
2354,Premium,2024-01-24 10:16:23,2024-06-03 10:16:23,False
4914,Pro,2025-04-25 20:47:13,,True
5784,Basic,2025-07-26 13:35:16,,True
589,Premium,2024-10-10 15:00:32,,True
4331,Basic,2024-07-06 00:16:54,,True
2827,Pro,2025-07-18 08:55:37,,True
53,Pro,2024-03-01 14:34:51,,True
1511,Basic,2025-08-03 13:17:41,2025-09-17 13:17:41,True
4058,Pro,2024-05-24 17:32:18,,True
3596,Pro,2024-05-07 00:28:21,,False
5444,Basic,2024-10-09 07:13:00,2025-03-13 07:13:00,False
1786,Pro,2024-05-06 22:36:52,,False
4935,Pro,2025-07-26 22:22:29,,False
5155,Basic,2025-08-22 02:41:18,,False
5446,Basic,2024-11-08 03:03:25,,False
634,Premium,2024-08-02 02:12:48,,True
3199,Basic,2025-03-31 12:27:27,,True
5841,Pro,2024-12-11 00:47:00,2025-07-05 00:47:00,True
531,Pro,2024-08-06 19:44:24,,False
1801,Premium,2024-12-06 05:25:21,,True
452,Pro,2025-03-02 10:32:30,,True
1401,Basic,2024-12-26 01:03:20,2025-07-10 01:03:20,True
3215,Premium,2024-02-17 22:53:10,,True
479,Pro,2024-12-03 18:29:11,,False
2071,Pro,2024-12-06 10:49:22,2025-05-08 10:49:22,True
2004,Basic,2025-05-20 06:40:41,,True
1051,Basic,2025-05-01 06:46:10,2025-08-22 06:46:10,False
1733,Basic,2025-06-02 20:07:58,,True
3975,Basic,2024-10-23 04:36:58,,True
1316,Pro,2024-08-13 14:47:09,,True
1097,Basic,2024-08-06 21:19:16,,True
288,Pro,2024-05-06 20:36:42,,True
489,Pro,2025-01-28 05:25:29,,True
4603,Basic,2024-11-17 05:38:21,2025-01-13 05:38:21,False
4015,Basic,2025-05-02 04:53:11,,True
2165,Pro,2024-06-29 18:53:37,2025-01-18 18:53:37,True
211,Pro,2024-01-29 17:59:13,,True
2026,Premium,2024-12-28 11:32:58,2025-08-25 11:32:58,True
2137,Basic,2025-05-26 21:29:55,,True
1619,Pro,2025-07-26 11:38:34,,True
2259,Basic,2024-01-24 05:35:12,2024-02-17 05:35:12,True
5850,Basic,2024-12-23 10:48:15,,False
5768,Basic,2025-02-11 03:48:35,,True
5068,Basic,2024-03-02 14:50:43,2024-06-27 14:50:43,False
4234,Basic,2025-07-24 12:50:11,,True
3918,Pro,2024-01-31 21:47:52,,True
3974,Premium,2025-07-22 08:33:47,,False
375,Basic,2024-02-23 17:42:39,,True
5383,Premium,2025-07-23 11:08:23,2025-10-02 11:08:23,False
2763,Premium,2024-01-29 11:25:48,,False
4563,Pro,2024-03-25 18:27:11,2024-04-15 18:27:11,True
627,Pro,2024-04-15 00:26:24,,True
1871,Basic,2024-08-16 14:37:33,,False
4002,Pro,2025-10-13 21:51:57,,False
873,Pro,2024-08-13 05:52:18,,True
660,Basic,2025-02-10 18:41:15,,False
4484,Basic,2025-08-22 03:25:00,,True
3062,Pro,2024-01-08 04:46:29,2024-08-03 04:46:29,True
4169,Basic,2024-10-15 21:04:55,2024-10-27 21:04:55,True
942,Basic,2024-10-31 06:21:16,2025-05-12 06:21:16,False
5059,Basic,2025-04-15 16:40:52,,True
1140,Basic,2025-05-12 05:37:43,,True
4499,Premium,2024-08-18 22:16:49,,True
132,Pro,2024-04-10 01:49:52,,True
2059,Basic,2024-03-22 09:20:07,,False
1178,Basic,2024-03-28 08:36:05,2024-11-19 08:36:05,True
5278,Basic,2025-07-27 21:55:26,,False
700,Basic,2025-01-30 13:25:43,,True
869,Premium,2025-01-09 15:57:42,,True
3458,Premium,2024-08-26 18:10:22,,True
5197,Pro,2025-07-10 11:44:30,,False
2737,Basic,2025-03-31 11:30:48,,True
1537,Pro,2025-05-22 03:09:20,,True
2072,Premium,2024-01-16 08:07:02,,True
2450,Pro,2024-01-20 19:42:02,2024-08-24 19:42:02,True
1468,Basic,2024-08-05 01:36:55,2024-09-04 01:36:55,True
4546,Pro,2024-07-17 23:29:09,2024-09-18 23:29:09,True
4309,Pro,2025-03-29 17:45:59,2025-10-03 17:45:59,True
4235,Basic,2024-02-24 01:00:17,,True
2832,Pro,2025-10-04 01:25:34,,True
3459,Basic,2024-02-12 10:39:15,,True
2799,Pro,2025-05-26 00:01:58,,True
1950,Premium,2025-08-28 06:41:46,,False
1446,Basic,2025-07-15 15:30:17,,True
2654,Basic,2024-02-17 22:43:37,,True
4819,Basic,2024-12-07 05:32:30,,True
3910,Basic,2024-05-11 16:36:47,2024-12-16 16:36:47,False
3615,Pro,2025-06-26 15:26:39,,True
4879,Basic,2024-05-29 09:31:27,,True
2888,Pro,2025-06-18 03:54:34,,False
2324,Basic,2024-02-25 10:44:19,2024-06-03 10:44:19,False
1532,Pro,2025-07-22 12:49:24,,True
2024,Basic,2025-10-14 09:52:16,,True
5044,Premium,2025-09-17 17:31:01,,True
3502,Premium,2024-08-15 22:05:12,,True
3565,Premium,2025-03-18 17:51:37,,False
4239,Basic,2024-05-14 08:44:05,,True
4900,Premium,2024-01-24 21:32:16,,True
518,Basic,2024-08-07 23:46:34,,False
4492,Basic,2025-03-17 12:29:29,,True
3958,Basic,2025-04-11 18:30:34,,True
1122,Pro,2024-06-10 13:25:17,2024-10-31 13:25:17,True
2565,Basic,2024-01-13 15:24:42,2024-04-09 15:24:42,True
2754,Basic,2025-07-07 18:11:18,,True
2893,Basic,2024-11-17 18:08:58,,True
4183,Pro,2024-08-12 14:23:34,2025-03-22 14:23:34,True
3773,Pro,2024-02-13 23:04:14,2024-07-16 23:04:14,True
3699,Pro,2024-07-24 18:05:47,,False
144,Basic,2024-03-07 11:40:19,,True
3592,Pro,2024-04-11 01:05:10,,True
1505,Pro,2024-02-26 23:59:12,2024-05-16 23:59:12,False
4334,Pro,2024-02-15 19:46:13,,True
5893,Pro,2024-12-22 01:34:32,2025-06-14 01:34:32,True
4030,Basic,2024-02-01 03:32:05,2024-09-26 03:32:05,False
5448,Pro,2025-06-05 08:54:55,,True
1228,Premium,2025-10-20 04:50:28,,True
3611,Basic,2024-08-01 04:59:53,,False
806,Basic,2025-06-16 02:24:20,,True
3541,Pro,2024-06-09 17:43:16,,True
3867,Premium,2024-02-28 06:50:41,,False
4410,Pro,2024-01-23 16:43:44,2024-06-10 16:43:44,False
5980,Pro,2025-09-13 22:24:18,,True
5636,Basic,2024-09-27 07:29:12,,True
5170,Basic,2024-10-14 18:01:53,2025-04-26 18:01:53,True
2651,Basic,2025-09-02 09:14:02,,True
1787,Basic,2024-01-08 05:58:36,,False
758,Pro,2024-06-17 13:40:25,2024-11-13 13:40:25,True
1340,Premium,2024-03-09 11:30:28,,False
1024,Basic,2024-10-10 01:30:40,2025-03-13 01:30:40,True
4694,Basic,2025-07-19 09:47:07,,True
2707,Pro,2025-02-09 14:23:51,,False
4115,Basic,2025-02-02 21:31:35,2025-09-15 21:31:35,True
2910,Basic,2024-12-19 23:02:17,2025-04-08 23:02:17,False
4456,Pro,2025-03-02 21:55:30,,True
5180,Pro,2024-09-02 19:56:21,,True
2320,Basic,2024-01-31 05:05:19,,True
4773,Basic,2024-10-27 14:54:05,2025-06-17 14:54:05,False
4754,Premium,2024-11-18 12:56:13,,False
2110,Basic,2024-01-12 23:26:06,2024-02-17 23:26:06,True
158,Basic,2025-08-21 16:07:42,,False
153,Premium,2024-11-30 11:57:02,,True
4158,Basic,2024-12-11 13:01:08,,True
1516,Basic,2025-09-21 00:50:22,,True
4543,Pro,2024-10-04 20:26:56,,True
1173,Premium,2025-05-17 21:56:44,,False
1264,Premium,2024-03-30 21:58:05,2024-06-14 21:58:05,True
2271,Pro,2024-07-26 14:20:31,,True
5766,Basic,2024-03-31 02:41:22,,False
2117,Premium,2024-07-24 17:42:07,2024-12-22 17:42:07,True
5259,Premium,2025-02-09 17:59:26,,True
1997,Basic,2024-06-26 01:11:15,,False
4157,Pro,2024-09-25 09:45:49,,True
4152,Pro,2024-02-25 21:41:13,,True
1545,Basic,2024-09-14 23:22:33,,True
630,Basic,2024-11-09 03:01:53,2025-01-08 03:01:53,True
5623,Pro,2024-01-17 07:49:59,,False
2074,Premium,2025-03-16 06:03:40,,False
1113,Pro,2024-09-29 18:28:44,2025-04-06 18:28:44,True
267,Basic,2024-04-03 13:10:26,,True
1090,Basic,2024-07-25 11:31:16,,False
5867,Basic,2025-07-12 18:09:27,,True
1212,Basic,2024-04-12 05:01:02,2024-05-26 05:01:02,True
1367,Pro,2024-12-21 14:31:22,,False
2039,Premium,2025-01-03 06:24:17,,True
3516,Basic,2024-02-10 04:41:52,,True
1938,Basic,2025-06-16 06:54:27,,True
1711,Pro,2024-05-01 05:34:18,,True
2876,Basic,2024-02-20 12:26:10,,False
4848,Premium,2024-09-23 05:32:05,,True
5648,Premium,2025-08-27 15:07:07,,True
5236,Basic,2024-06-27 21:44:19,,False
2474,Basic,2025-02-23 08:08:58,,True
5620,Basic,2024-10-28 14:05:26,2025-04-13 14:05:26,True
1075,Basic,2024-03-30 05:06:48,2024-09-22 05:06:48,False
4630,Pro,2024-03-22 08:04:35,,True
2126,Basic,2024-09-17 03:59:37,2025-04-08 03:59:37,True
4559,Premium,2024-04-04 21:18:52,,True
3254,Pro,2024-04-01 06:01:10,,True
5135,Pro,2024-03-02 13:44:59,2024-10-02 13:44:59,True
5295,Pro,2025-07-04 23:17:43,,True
3528,Basic,2024-12-03 10:17:20,,False
1376,Pro,2024-05-15 06:41:19,2024-09-05 06:41:19,False
1792,Basic,2025-07-17 01:15:41,,True
5580,Basic,2024-12-31 17:53:13,,True
3429,Pro,2025-10-19 03:52:33,,True
2713,Basic,2024-03-15 17:34:34,,True
2230,Basic,2024-07-17 21:12:13,2024-11-05 21:12:13,True
5434,Pro,2024-06-10 09:47:11,,True
1548,Pro,2025-08-06 15:11:59,,True
4803,Pro,2024-10-14 05:17:24,,False
1730,Premium,2025-04-23 17:21:04,2025-09-15 17:21:04,True
5596,Basic,2024-05-29 18:12:10,,False
1453,Pro,2024-07-23 11:14:10,,True
5051,Basic,2024-03-27 21:15:50,2024-05-17 21:15:50,False
6000,Basic,2024-01-28 18:38:26,,True
2240,Pro,2024-11-01 03:56:13,2025-03-03 03:56:13,False
294,Basic,2024-03-22 14:03:34,2024-06-18 14:03:34,False
22,Premium,2025-05-17 15:52:49,,False
3055,Basic,2024-11-23 16:04:10,2025-02-16 16:04:10,False
3077,Basic,2024-09-09 21:55:58,,False
542,Pro,2024-01-09 02:11:48,2024-06-27 02:11:48,True
5973,Premium,2025-05-05 17:40:52,,True
2511,Basic,2024-07-16 20:58:44,,False
4796,Basic,2025-06-25 18:33:57,,True
2191,Basic,2025-01-22 12:18:34,,True
1198,Pro,2024-05-25 01:44:12,2025-01-12 01:44:12,True
2482,Pro,2024-09-03 16:26:11,2025-03-04 16:26:11,True
2994,Pro,2024-09-27 02:46:18,,False
3178,Pro,2024-06-16 08:17:47,2024-08-06 08:17:47,True
2133,Basic,2024-04-04 08:40:09,2024-11-15 08:40:09,True
1776,Basic,2025-10-21 17:11:17,,True
1046,Basic,2025-06-26 17:55:58,,False
5948,Pro,2024-01-28 23:42:34,,False
208,Basic,2025-01-20 20:36:31,2025-08-20 20:36:31,True
1590,Pro,2024-06-04 09:32:34,,False
3626,Basic,2025-01-22 18:55:59,,False
5954,Basic,2024-02-27 18:34:34,,True
149,Pro,2024-05-25 03:55:50,,False
574,Premium,2024-04-23 02:39:30,,True
5017,Premium,2024-01-06 08:33:20,,True
3153,Basic,2024-12-06 18:10:35,,True
5656,Pro,2024-04-22 15:35:02,,False
4482,Basic,2024-09-07 00:47:40,2025-02-24 00:47:40,False
3967,Pro,2025-07-23 20:27:34,,True
258,Basic,2024-01-25 17:33:49,,True
4934,Basic,2025-02-27 21:20:10,,False
4586,Pro,2025-05-18 06:40:49,,True
5030,Basic,2024-08-25 19:39:06,,True
1762,Basic,2024-09-06 05:39:11,,True
3652,Basic,2025-09-24 00:10:35,,True
4614,Basic,2025-07-16 19:40:42,,True
2684,Pro,2025-08-03 16:33:19,,True
2258,Pro,2024-05-17 07:46:39,,True
3686,Basic,2024-08-21 12:21:24,2024-09-15 12:21:24,True
3815,Pro,2024-01-16 12:50:32,2024-04-15 12:50:32,True
5862,Pro,2025-03-02 06:15:15,,True
3762,Basic,2025-02-06 00:01:33,2025-06-16 00:01:33,True
4828,Pro,2024-12-05 09:26:41,,True
2485,Basic,2025-07-12 15:03:21,,False
2028,Premium,2025-09-06 12:27:50,,True
4645,Basic,2024-01-27 18:47:53,,True
4282,Pro,2025-07-28 12:48:34,2025-11-01 12:48:34,True
4195,Pro,2025-04-18 13:48:47,,True
2157,Pro,2024-11-28 20:04:33,2025-02-02 20:04:33,True
1465,Basic,2025-06-07 16:59:33,,True
325,Basic,2025-04-05 13:57:58,2025-10-04 13:57:58,False
5346,Premium,2024-04-09 16:13:24,,False
5878,Pro,2024-09-03 16:30:41,2025-03-01 16:30:41,True
1059,Premium,2025-08-17 18:38:25,,False
5463,Pro,2024-06-27 19:54:34,,True
4442,Premium,2025-09-23 03:19:59,,True
3876,Pro,2024-07-01 08:47:36,,True
2375,Pro,2024-11-12 12:31:38,,False
913,Pro,2024-01-31 06:34:05,2024-02-21 06:34:05,False
5489,Premium,2024-03-18 00:00:00,,True
5398,Pro,2025-06-06 01:50:17,,True
2522,Basic,2024-01-12 14:23:54,2024-05-16 14:23:54,True
5385,Pro,2025-03-28 07:13:48,,True
2909,Pro,2025-07-25 04:32:14,,True
5587,Basic,2025-05-23 15:59:54,,True
5294,Basic,2025-04-21 05:01:31,,False
593,Pro,2025-03-22 16:29:58,,True
1667,Basic,2024-07-03 12:17:25,,True
1125,Pro,2025-08-30 12:08:21,,False
851,Pro,2024-02-27 18:23:38,2024-04-13 18:23:38,True
3143,Pro,2025-10-09 03:03:16,,False
2425,Premium,2025-04-03 20:57:19,,False
3674,Premium,2024-03-17 10:04:17,2024-10-17 10:04:17,True
5994,Basic,2025-08-23 10:33:14,,True
4831,Pro,2025-07-01 17:30:33,,False
3083,Premium,2025-10-12 08:59:15,,True
5611,Basic,2024-07-27 20:28:28,2024-11-26 20:28:28,False
1985,Pro,2025-08-23 02:10:24,,True
4397,Basic,2024-02-15 18:22:42,2024-09-16 18:22:42,False
4794,Premium,2024-01-20 23:50:01,,False
921,Premium,2025-09-22 04:25:32,,True
4179,Basic,2025-04-07 05:07:30,,True
4457,Premium,2025-04-19 16:47:33,,False
5649,Basic,2025-06-14 12:10:46,,True
4527,Premium,2025-01-27 07:09:58,,False
1358,Pro,2024-03-29 18:01:49,,False
4642,Basic,2024-05-07 22:59:32,2024-09-25 22:59:32,True
5885,Premium,2025-10-10 06:46:09,,True
3732,Pro,2025-07-12 08:19:20,,True
4193,Pro,2025-04-29 22:24:07,2025-11-01 22:24:07,True
4675,Basic,2024-12-16 19:44:29,,False
964,Pro,2025-07-03 08:53:07,,True
2742,Pro,2024-03-26 21:40:07,,True
2817,Pro,2025-09-06 15:33:37,,True
477,Premium,2025-04-01 02:47:08,,True
2278,Basic,2024-04-15 09:57:18,,True
4762,Premium,2025-05-29 00:12:23,,True
1043,Basic,2025-06-28 07:57:37,2025-08-08 07:57:37,False
2139,Pro,2025-10-18 13:38:24,,True
4808,Basic,2025-09-07 12:24:40,,True
3343,Premium,2025-05-14 08:17:19,2025-08-27 08:17:19,True
3090,Basic,2024-05-23 11:38:51,,True
5615,Basic,2025-02-05 01:25:30,,True
4020,Basic,2025-02-08 12:10:38,,False
1804,Basic,2024-12-13 13:20:24,,True
4567,Basic,2024-08-25 14:27:37,,True
1204,Basic,2025-07-23 07:46:14,,True
2755,Basic,2024-02-29 17:02:09,,True
3824,Premium,2024-09-17 12:53:10,,False
1913,Pro,2025-07-05 10:57:13,,True
5940,Premium,2025-04-04 03:57:53,2025-06-16 03:57:53,True
4844,Basic,2024-07-18 12:52:03,,True
2853,Pro,2025-04-28 14:31:22,,True
2391,Basic,2024-04-26 12:37:54,2024-06-08 12:37:54,False
3418,Premium,2025-09-13 18:48:40,2025-09-27 18:48:40,False
3243,Pro,2024-10-03 11:14:21,,True
1705,Basic,2024-07-24 14:09:03,2025-03-13 14:09:03,True
3312,Premium,2025-05-08 22:27:34,,False
4903,Basic,2024-05-28 21:53:05,2024-11-15 21:53:05,True
4154,Premium,2024-08-19 08:23:09,,False
1795,Pro,2025-07-03 16:21:21,,False
1594,Pro,2024-09-13 22:07:01,2024-11-29 22:07:01,False
3260,Basic,2025-09-29 13:20:55,,True
1095,Pro,2024-02-04 03:19:48,,True
2167,Pro,2024-04-25 11:01:17,2024-05-14 11:01:17,True
3017,Basic,2024-11-10 17:00:19,2025-01-21 17:00:19,True
1003,Pro,2024-11-27 04:09:52,,True
3340,Basic,2024-07-21 09:54:54,,True
4576,Premium,2025-05-15 19:28:57,,True
5289,Premium,2024-05-14 22:13:01,,True
2690,Basic,2025-01-07 05:00:06,,False
817,Pro,2024-07-07 15:01:55,2024-07-29 15:01:55,True
1529,Basic,2025-02-17 15:22:59,,True
25,Pro,2025-07-05 08:13:48,,True
548,Pro,2024-12-02 16:54:00,,True
2442,Pro,2025-04-30 17:23:45,,True
1507,Pro,2025-04-07 07:39:29,,True
4813,Pro,2025-10-25 12:03:09,,True
2863,Premium,2024-11-01 19:22:02,,True
2933,Basic,2025-10-14 07:52:47,,True
259,Basic,2024-12-05 16:42:41,,True
464,Basic,2024-08-04 06:53:20,2024-12-19 06:53:20,True
1725,Pro,2025-03-02 04:35:53,2025-05-23 04:35:53,True
5042,Pro,2024-02-18 14:03:05,,True
1825,Basic,2024-03-05 11:26:00,2024-03-22 11:26:00,True
4418,Pro,2024-01-30 03:31:41,2024-03-21 03:31:41,True
1185,Basic,2024-09-16 15:19:54,,True
2232,Basic,2024-02-24 10:12:01,2024-08-21 10:12:01,True
2659,Premium,2025-08-17 22:06:20,,True
5657,Basic,2024-05-12 20:47:40,2024-07-15 20:47:40,True
5729,Premium,2025-03-15 06:10:27,2025-06-18 06:10:27,False
5921,Basic,2025-05-12 12:35:07,,False
4305,Pro,2025-07-20 16:32:43,,True
3618,Pro,2024-04-15 09:04:47,,True
1674,Basic,2025-06-26 19:18:03,,True
5310,Basic,2024-12-29 18:15:09,2025-06-17 18:15:09,True
718,Pro,2024-04-25 06:37:45,,False
2235,Basic,2025-09-28 06:52:16,,True
488,Pro,2024-07-29 13:28:42,,True
4542,Basic,2024-05-26 19:41:42,,True
4261,Basic,2024-01-15 22:28:29,,False
2113,Pro,2025-07-25 14:41:08,,True
1951,Basic,2024-11-26 22:27:48,2025-04-13 22:27:48,True
1050,Pro,2025-01-17 16:45:47,2025-07-23 16:45:47,True
4444,Basic,2024-12-31 15:20:44,,True
3722,Pro,2025-01-21 13:33:00,,True
983,Basic,2025-04-24 15:36:16,,False
683,Basic,2025-02-05 07:08:33,,False
3539,Pro,2024-06-30 10:14:16,,True
1123,Basic,2025-05-30 03:20:55,,True
1025,Basic,2024-10-26 08:38:01,,True
1954,Pro,2024-12-19 19:26:53,2025-08-03 19:26:53,False
4040,Basic,2024-12-22 08:07:35,,True
530,Pro,2025-01-29 06:19:36,,True
2939,Pro,2024-02-21 18:25:59,,True
469,Basic,2024-01-09 23:43:31,,False
1934,Basic,2025-01-18 01:20:29,2025-08-20 01:20:29,True
1841,Basic,2024-01-03 08:45:24,,True
2744,Pro,2025-01-31 15:46:32,,True
5512,Pro,2025-06-20 20:15:51,,True
3532,Basic,2024-04-14 15:58:01,2024-10-26 15:58:01,True
5229,Pro,2024-07-14 07:15:23,,True
861,Pro,2024-02-11 19:03:27,,False
3476,Basic,2025-01-25 22:30:32,,True
2276,Basic,2025-04-18 13:15:01,,True
2025,Premium,2025-09-07 11:03:17,,True
3636,Basic,2024-06-22 06:38:02,2024-08-26 06:38:02,True
1651,Basic,2025-05-06 16:58:26,,True
575,Basic,2024-10-05 11:07:13,2025-03-01 11:07:13,True
4855,Basic,2024-03-05 15:47:21,,True
1645,Basic,2025-07-10 00:34:02,2025-10-07 00:34:02,True
5359,Premium,2025-06-23 12:34:10,,False
1542,Basic,2024-06-19 02:07:05,,False
2040,Basic,2024-05-28 08:24:43,2024-10-03 08:24:43,True
271,Basic,2025-07-30 15:17:42,,True
5913,Premium,2025-08-14 20:12:39,,True
1788,Basic,2024-03-16 09:50:24,,True
2630,Premium,2024-10-03 02:20:52,,True
3796,Pro,2024-12-18 22:43:37,,True
1174,Pro,2025-03-23 15:37:53,,False
2670,Basic,2024-05-18 13:53:32,,True
2062,Premium,2024-02-12 12:50:42,2024-08-12 12:50:42,True
3189,Pro,2025-03-12 11:04:37,2025-11-01 11:04:37,False
3873,Basic,2024-05-20 00:51:46,,False
4631,Basic,2025-06-05 19:52:54,,True
2859,Pro,2024-07-12 08:42:52,2024-11-25 08:42:52,False
3001,Basic,2025-09-06 17:45:20,,True
5934,Basic,2024-12-01 18:08:38,2024-12-18 18:08:38,True
4461,Basic,2024-10-26 07:20:36,2025-06-05 07:20:36,True
966,Pro,2024-03-06 03:56:49,,True
3057,Pro,2025-10-05 14:45:33,,True
2584,Basic,2025-07-05 20:15:26,,False
3063,Pro,2024-10-27 21:11:41,,False
3329,Premium,2025-05-14 09:07:16,,True
4343,Premium,2024-05-07 08:43:37,,True
1584,Basic,2024-01-13 13:05:10,2024-07-09 13:05:10,True
5915,Premium,2024-03-04 23:01:40,2024-06-07 23:01:40,False
3353,Pro,2024-12-12 14:04:53,,True
3461,Premium,2025-10-03 18:42:40,,False
3750,Basic,2024-04-27 07:23:39,2024-06-21 07:23:39,True
5716,Basic,2025-04-02 23:30:30,,True
5320,Premium,2025-09-22 08:16:03,,False
5235,Basic,2024-09-09 17:44:44,,True
554,Basic,2025-07-23 17:23:57,,False
4067,Premium,2024-03-31 23:33:21,,True
4887,Basic,2025-06-11 13:22:26,,True
5953,Basic,2024-04-19 01:41:26,2024-09-26 01:41:26,True
3619,Premium,2024-10-23 04:59:30,,True
1492,Pro,2025-05-15 12:42:12,2025-10-21 12:42:12,True
2200,Basic,2025-10-16 12:14:20,,False
3277,Basic,2024-11-07 14:22:36,,True
1413,Basic,2024-02-15 00:11:14,2024-08-28 00:11:14,True
2775,Basic,2025-06-13 16:59:51,2025-07-26 16:59:51,True
3181,Pro,2025-03-12 17:09:06,,True
366,Basic,2024-11-21 00:56:12,,True
4463,Basic,2025-03-31 11:49:12,,False
4116,Basic,2024-11-24 18:19:26,,True
5584,Basic,2025-08-25 15:32:30,,False
787,Pro,2024-03-26 17:09:45,2024-08-07 17:09:45,True
466,Basic,2024-03-08 21:55:01,,True
4671,Basic,2025-10-22 21:06:09,,True
2148,Basic,2024-01-16 10:58:58,,False
4295,Pro,2025-03-06 19:55:31,,True
2346,Pro,2024-07-29 09:21:17,,False
1926,Pro,2024-01-02 06:40:30,,True
5121,Basic,2025-06-07 01:14:14,,True
1305,Pro,2024-07-04 22:09:13,,True
5558,Pro,2025-04-30 06:50:00,2025-06-21 06:50:00,True
2495,Basic,2024-01-21 22:40:50,2024-05-10 22:40:50,True
1406,Pro,2025-07-30 13:10:53,,True
5799,Premium,2025-03-17 04:01:52,2025-10-10 04:01:52,True
460,Basic,2024-05-20 05:18:37,,True
866,Basic,2025-05-26 07:23:48,2025-09-29 07:23:48,True
940,Pro,2025-05-23 21:50:16,2025-09-30 21:50:16,True
2986,Pro,2025-06-05 15:42:21,,True
4401,Pro,2025-01-05 21:55:56,2025-04-12 21:55:56,True
1752,Premium,2024-10-30 18:15:52,,False
4064,Basic,2025-01-10 11:21:47,,False
2829,Basic,2024-06-17 01:07:10,,True
4564,Basic,2025-08-11 07:08:33,,True
2726,Basic,2024-11-16 00:01:49,,False
4074,Premium,2024-01-17 00:43:41,2024-08-31 00:43:41,True
3754,Basic,2025-08-24 14:12:37,,True
1643,Pro,2025-02-14 14:24:47,,True
2075,Basic,2024-11-20 05:16:26,,True
547,Pro,2024-06-26 12:02:32,,False
868,Pro,2025-09-16 17:13:22,,True
1447,Premium,2024-06-09 14:43:08,2024-06-28 14:43:08,False
36,Pro,2024-06-18 17:57:19,2024-11-27 17:57:19,True
3387,Pro,2025-09-25 23:31:56,,True
2388,Basic,2025-03-28 23:54:52,,False
2144,Pro,2025-04-07 13:26:01,2025-07-09 13:26:01,True
1203,Basic,2025-05-18 10:47:08,,True
5427,Pro,2024-09-26 02:02:19,,True
3104,Pro,2024-02-04 05:02:04,,False
1044,Basic,2024-10-30 19:09:39,2025-06-07 19:09:39,True
3154,Pro,2024-10-30 17:34:47,,True
3531,Basic,2025-06-29 10:07:43,,True
4822,Premium,2024-11-10 02:36:44,2025-01-22 02:36:44,False
2615,Basic,2025-05-14 06:03:22,,False
1819,Basic,2025-01-18 02:24:30,,True
5986,Basic,2024-11-28 14:23:06,2025-01-21 14:23:06,False
4748,Basic,2024-01-07 16:04:46,2024-06-10 16:04:46,False
1531,Premium,2025-09-07 04:47:10,2025-10-25 04:47:10,True
5549,Pro,2025-07-10 03:19:22,,True
5100,Basic,2024-09-21 08:55:45,,True
5111,Pro,2024-10-02 03:09:19,,True
2976,Basic,2024-01-16 09:06:13,,True
2532,Basic,2025-02-12 15:41:55,,True
2852,Basic,2025-05-16 10:41:54,,True
4266,Pro,2024-01-21 14:09:52,,True
2392,Pro,2025-05-18 18:52:55,,False
3960,Pro,2024-01-29 16:12:04,,True
2253,Premium,2024-09-20 21:34:00,,False
3999,Basic,2025-10-07 19:52:44,,True
269,Pro,2024-02-07 19:13:48,2024-05-17 19:13:48,True
1739,Basic,2025-06-11 05:18:53,,True
263,Premium,2025-04-17 13:42:38,,False
3638,Basic,2024-02-11 10:18:44,2024-10-03 10:18:44,True
4993,Pro,2025-03-01 22:53:37,,False
1422,Pro,2024-06-18 09:55:27,,True
4999,Basic,2024-02-03 10:31:51,2024-06-18 10:31:51,True
2873,Pro,2024-11-19 04:28:12,,True
1357,Basic,2025-05-01 00:31:04,,False
4734,Premium,2025-04-28 01:01:15,,True
131,Basic,2024-05-25 02:33:17,,True
2368,Basic,2024-10-07 04:04:04,2025-02-05 04:04:04,True
5054,Pro,2024-02-07 05:57:56,,False
5833,Pro,2025-06-21 08:51:13,,True
4102,Basic,2025-07-05 05:47:25,,False
2811,Pro,2025-04-03 16:27:34,,True
2465,Basic,2025-08-14 13:52:16,,False
3944,Pro,2025-01-27 06:00:10,,False
5507,Pro,2025-10-06 06:05:34,,True
3298,Basic,2024-01-28 16:36:10,,True
1783,Pro,2024-09-30 00:08:59,2024-10-17 00:08:59,False
4001,Basic,2024-10-14 23:39:05,,True
2104,Basic,2024-11-30 19:55:03,,True
187,Premium,2024-08-17 03:05:34,,True
1286,Basic,2024-08-30 01:11:33,,True
87,Pro,2025-09-13 08:48:08,,True
5146,Pro,2024-03-01 10:53:48,2024-06-06 10:53:48,True
2347,Pro,2025-03-30 09:54:41,,True
3464,Basic,2025-03-21 18:31:26,,True
5662,Basic,2025-08-04 14:48:07,,True
101,Basic,2024-08-11 15:15:51,,True
1255,Basic,2025-08-24 19:59:50,,True
4769,Pro,2024-02-22 10:50:24,,False
1555,Pro,2025-10-17 17:27:45,,False
5517,Basic,2024-04-08 11:48:15,2024-08-30 11:48:15,False
2073,Basic,2024-07-21 22:02:23,,True
5071,Basic,2024-06-13 00:43:39,2025-01-23 00:43:39,True
4146,Basic,2024-11-20 11:59:09,2024-12-23 11:59:09,True
4200,Pro,2024-02-21 03:12:16,,False
3082,Basic,2024-10-31 19:34:35,2024-11-13 19:34:35,True
2787,Basic,2024-02-07 09:59:44,,True
1287,Basic,2024-10-15 18:53:26,,True
3085,Premium,2024-01-10 23:34:10,2024-04-19 23:34:10,True
454,Basic,2025-06-27 01:24:12,2025-09-02 01:24:12,True
2782,Pro,2024-05-19 20:32:01,,True
5247,Basic,2025-04-08 02:27:12,,True
2129,Basic,2025-05-08 18:12:13,2025-09-07 18:12:13,True
4238,Basic,2025-08-06 18:40:49,,False
5861,Pro,2025-03-29 21:23:53,2025-09-28 21:23:53,False
1583,Basic,2025-04-18 19:36:16,2025-08-21 19:36:16,True
4624,Basic,2024-02-02 20:41:37,,True
4245,Basic,2024-12-07 22:15:24,,True
537,Basic,2024-11-05 20:33:47,,True
5368,Pro,2024-03-12 14:57:38,,False
505,Basic,2025-03-27 11:29:26,,True
1833,Basic,2024-04-01 09:10:06,2024-08-28 09:10:06,True
4277,Pro,2025-08-15 02:42:52,,True
1021,Basic,2025-05-04 14:32:19,,False
4696,Basic,2025-01-27 01:17:02,2025-04-04 01:17:02,True
4792,Basic,2024-03-26 02:19:12,,True
2112,Basic,2025-07-30 07:25:23,,True
3704,Pro,2024-08-29 04:03:05,,True
1610,Basic,2025-04-19 19:26:13,,True
2006,Pro,2025-02-20 18:57:02,2025-03-08 18:57:02,True
1971,Basic,2024-06-12 11:53:58,,False
4011,Basic,2024-11-16 19:56:41,2025-05-04 19:56:41,False
5324,Pro,2025-01-18 04:04:19,,False
862,Premium,2025-02-09 08:29:22,,True
3710,Pro,2024-07-23 16:30:19,,True
2671,Premium,2025-04-18 17:37:29,,True
4790,Basic,2024-01-12 03:27:21,2024-03-04 03:27:21,False
2325,Basic,2024-07-03 02:11:26,,False
4659,Basic,2024-04-14 00:40:37,,True
995,Pro,2025-10-12 13:43:18,,True
1694,Pro,2024-03-13 18:12:46,,False
4147,Pro,2024-12-15 11:05:31,2025-06-29 11:05:31,True
2821,Basic,2024-12-09 15:49:14,,True
3846,Basic,2024-08-04 18:29:18,,False
5420,Basic,2025-03-13 16:14:36,,False
3304,Pro,2025-10-09 10:00:33,,True
4347,Basic,2025-06-24 05:45:19,,True
4090,Pro,2024-03-13 16:22:32,2024-04-15 16:22:32,True
2681,Basic,2024-04-02 08:27:12,,True
3719,Pro,2025-08-18 14:38:49,,True
4947,Premium,2025-01-06 10:59:07,,False
5264,Pro,2024-12-04 05:26:28,,True
4956,Basic,2024-12-06 21:25:56,2025-01-15 21:25:56,True
2410,Basic,2024-09-15 12:35:41,2024-10-08 12:35:41,True
157,Basic,2024-10-15 10:27:37,2025-02-15 10:27:37,False
5523,Pro,2024-01-19 02:10:07,,True
3378,Basic,2025-06-22 08:19:14,,True
3973,Pro,2025-06-02 18:13:06,,True
4383,Pro,2025-09-05 18:36:20,,False
836,Basic,2024-02-01 13:40:11,,False
3881,Basic,2024-08-04 18:21:53,,True
4611,Pro,2024-05-26 05:42:10,,True
1273,Pro,2025-10-03 08:41:03,,False
2687,Basic,2025-01-18 11:21:34,,True
5911,Basic,2024-09-20 07:14:40,,True
320,Pro,2025-05-13 09:53:31,,False
848,Basic,2024-06-03 15:02:41,,True
1089,Pro,2025-07-27 01:47:06,,True
3487,Pro,2024-03-22 17:22:01,,True
960,Pro,2024-09-15 04:28:02,,True
1617,Basic,2025-09-27 18:24:33,,False
110,Pro,2024-12-12 05:51:08,,True
2840,Basic,2024-10-02 06:47:22,2025-03-06 06:47:22,False
2961,Basic,2025-05-15 16:40:05,,False
2423,Basic,2025-05-31 09:09:19,2025-06-24 09:09:19,True
5401,Basic,2024-04-12 17:44:18,,False
1986,Pro,2024-05-17 18:17:12,,False
26,Basic,2025-04-27 04:26:57,,False
3045,Basic,2024-09-07 07:01:37,,True
557,Basic,2024-02-10 17:30:01,,True
1062,Pro,2025-07-10 06:42:54,,False
5144,Basic,2025-02-22 04:08:04,,True
5263,Basic,2024-07-11 11:08:06,,True
3840,Pro,2025-10-01 10:21:15,,True
4178,Pro,2025-03-10 03:32:35,,True
5534,Pro,2024-11-01 18:24:01,,False
3102,Pro,2024-01-28 18:57:31,2024-03-06 18:57:31,True
44,Premium,2024-06-02 15:50:02,2024-10-04 15:50:02,False
5795,Basic,2025-03-29 00:19:27,,True
222,Basic,2024-02-15 17:44:58,,True
1585,Premium,2024-06-14 08:54:13,,False
2510,Premium,2024-11-25 17:15:47,2025-05-16 17:15:47,False
289,Pro,2025-01-20 00:33:28,,True
343,Basic,2024-08-14 03:11:44,2025-01-14 03:11:44,True
3274,Basic,2025-03-07 05:57:58,,True
922,Basic,2024-11-29 11:36:41,2025-07-13 11:36:41,True
1131,Basic,2024-12-09 09:24:48,,False
2361,Premium,2025-10-22 11:11:59,,False
507,Basic,2024-10-06 16:09:38,,True
989,Pro,2024-11-03 07:10:30,,False
5638,Pro,2025-01-01 14:22:30,2025-05-10 14:22:30,True
3197,Pro,2024-10-12 05:32:33,,True
1905,Basic,2025-10-24 20:59:58,,True
5102,Basic,2024-06-06 23:14:54,2024-10-03 23:14:54,True
5790,Basic,2025-08-22 15:31:37,,True
2531,Premium,2025-09-09 06:26:00,,True
3158,Pro,2024-09-09 10:16:00,,True
495,Basic,2024-02-28 06:18:14,2024-09-19 06:18:14,True
4028,Pro,2024-09-02 00:56:20,,False
2968,Pro,2024-07-11 21:15:44,,True
1656,Basic,2024-07-19 22:43:32,,True
3380,Basic,2025-05-28 17:14:41,2025-08-23 17:14:41,True
4388,Basic,2025-06-26 17:06:51,,True
5987,Basic,2025-01-18 13:08:32,2025-05-14 13:08:32,True
2398,Pro,2024-08-08 22:37:06,,False
4909,Pro,2024-06-05 20:25:31,,True
4646,Pro,2025-04-09 20:02:33,,True
5524,Premium,2024-04-16 02:57:38,2024-06-08 02:57:38,False
3755,Basic,2025-01-20 14:51:02,2025-05-26 14:51:02,True
2017,Basic,2024-01-01 19:22:11,,True
4326,Basic,2025-02-06 10:27:52,2025-09-22 10:27:52,True
2605,Pro,2024-03-22 06:53:07,,True
5865,Basic,2024-05-12 15:34:31,,True
487,Basic,2024-02-14 01:21:29,2024-04-29 01:21:29,False
1417,Pro,2024-12-21 21:21:07,,True
5405,Basic,2025-02-27 20:24:30,,True
4196,Basic,2024-02-04 18:28:39,2024-09-07 18:28:39,False
1626,Premium,2025-08-15 07:01:01,,False
5451,Pro,2025-10-03 22:19:03,,True
2700,Premium,2025-07-09 12:25:17,,True
1272,Pro,2024-01-21 00:23:17,,True
2807,Pro,2024-06-10 03:51:51,,False
2593,Pro,2025-01-17 14:20:47,2025-06-29 14:20:47,True
5555,Pro,2025-02-23 06:06:16,,True
1821,Pro,2024-03-10 03:02:01,2024-04-24 03:02:01,False
3332,Pro,2024-01-02 15:44:28,,True
4867,Pro,2024-03-30 20:21:43,,True
4908,Basic,2024-01-03 09:01:41,,True
5708,Basic,2024-07-12 11:09:04,,False
4237,Premium,2025-05-07 10:51:07,,True
5225,Pro,2024-04-21 07:25:58,,True
579,Premium,2025-09-15 02:09:09,,True
3606,Basic,2024-01-05 06:56:06,2024-07-20 06:56:06,True
2795,Pro,2025-01-25 12:27:43,,True
784,Pro,2024-04-28 05:41:41,,True
5741,Basic,2025-10-19 22:38:00,,True
4096,Pro,2024-07-04 21:29:45,2024-11-30 21:29:45,False
5358,Pro,2024-07-18 16:22:20,2024-10-21 16:22:20,True
3061,Basic,2024-03-16 05:10:17,,False
4377,Basic,2025-09-23 06:36:28,,True
4111,Basic,2025-08-19 20:40:21,,True
3339,Pro,2024-11-10 14:01:11,2025-06-16 14:01:11,True
1206,Pro,2024-01-08 11:29:57,,True
502,Pro,2025-04-08 22:05:34,,False
118,Basic,2025-06-16 08:02:04,,False
2612,Premium,2025-04-22 07:26:38,,True
1147,Basic,2024-01-20 02:20:48,2024-03-19 02:20:48,False
4246,Pro,2025-03-24 00:23:10,,True
3662,Pro,2024-12-26 10:17:54,,False
94,Basic,2024-09-26 21:47:59,,False
1293,Basic,2025-01-14 20:50:29,,True
2623,Basic,2025-07-01 00:59:28,,True
3219,Basic,2025-02-08 02:15:47,,False
5864,Pro,2025-02-19 08:48:34,2025-07-13 08:48:34,True
498,Pro,2025-09-18 12:51:00,,True
3631,Basic,2025-09-10 21:55:57,,False
3784,Premium,2024-10-01 14:35:42,2025-02-21 14:35:42,True
754,Premium,2024-03-29 08:50:25,,False
2969,Basic,2024-11-07 02:46:36,,True
2468,Basic,2024-11-05 14:10:46,,False
3930,Basic,2024-03-06 12:43:34,,True
2323,Pro,2025-03-12 21:53:15,,False
671,Basic,2024-01-15 08:25:23,,True
5707,Pro,2025-01-22 08:07:07,,True
1410,Premium,2024-11-03 18:29:39,,False
3838,Basic,2024-07-21 12:22:38,,True
2650,Basic,2024-08-30 16:07:02,,True
2856,Basic,2024-07-25 12:00:44,2025-01-12 12:00:44,True
286,Basic,2025-04-10 10:20:08,,True
3232,Basic,2024-02-07 06:20:24,2024-06-24 06:20:24,True
556,Pro,2024-08-06 00:33:42,,True
3726,Pro,2024-06-22 12:11:56,2024-07-17 12:11:56,False
876,Basic,2025-09-01 00:14:58,,True
1213,Basic,2025-04-03 06:02:09,,True
2477,Basic,2024-08-12 10:02:16,,True
4561,Premium,2025-08-01 13:07:35,,True
4583,Basic,2025-06-05 11:41:06,2025-10-19 11:41:06,True
2233,Pro,2025-07-02 10:30:21,,True
126,Basic,2024-11-05 15:54:44,,True
5060,Basic,2025-07-11 07:34:40,2025-10-25 07:34:40,False
1081,Basic,2024-02-28 04:05:32,2024-06-24 04:05:32,True
3772,Basic,2024-12-03 05:31:12,,True
3756,Pro,2025-05-17 10:16:08,,True
3956,Basic,2024-04-19 18:12:46,2024-09-27 18:12:46,True
2771,Pro,2024-04-07 04:44:20,,True
5175,Premium,2025-06-19 12:30:55,,True
2842,Premium,2024-05-11 04:33:33,,True
5287,Pro,2024-12-28 03:18:32,,True
4643,Basic,2025-06-19 19:08:12,,True
77,Basic,2025-10-14 11:56:12,,True
2626,Premium,2024-12-10 19:05:29,,True
2088,Basic,2024-04-12 17:00:50,,True
5590,Basic,2024-12-01 04:15:14,2024-12-23 04:15:14,True
5998,Basic,2024-03-22 06:54:25,2024-11-03 06:54:25,False
4475,Basic,2024-01-15 11:44:19,,True
4035,Basic,2024-09-21 10:57:21,,False
2740,Pro,2024-07-27 14:27:31,,False
1810,Basic,2025-08-29 05:59:41,,True
2107,Basic,2025-05-18 10:58:30,,True
4065,Basic,2025-09-06 20:39:36,,True
4386,Pro,2024-01-30 04:58:22,2024-02-20 04:58:22,True
5941,Pro,2024-05-11 13:20:45,2024-08-07 13:20:45,True
5736,Basic,2025-07-16 11:30:35,,True
1503,Pro,2024-10-23 08:53:11,,True
1091,Pro,2024-01-16 00:17:19,,True
2022,Premium,2025-08-02 04:13:29,,True
284,Basic,2025-10-21 16:27:16,,True
2387,Basic,2024-05-19 20:56:07,,True
3836,Premium,2025-02-10 09:34:52,2025-05-03 09:34:52,True
4106,Pro,2025-05-19 15:05:57,,True
5680,Pro,2024-08-22 18:47:47,2025-01-02 18:47:47,False
417,Pro,2025-10-23 07:43:26,,False
3209,Pro,2025-09-09 15:38:34,,False
4692,Pro,2024-11-16 05:15:23,,False
2462,Basic,2024-10-03 06:44:24,,True
4689,Pro,2025-07-14 00:59:16,,True
2061,Basic,2024-09-14 03:59:51,,True
2131,Pro,2025-03-30 04:03:51,2025-10-15 04:03:51,True
1088,Pro,2024-04-20 09:12:37,,True
5627,Basic,2024-03-11 16:43:27,2024-07-23 16:43:27,True
4048,Premium,2025-07-03 08:51:10,,False
1440,Pro,2025-02-15 23:23:45,,True
1070,Pro,2025-04-01 12:29:22,,True
757,Pro,2024-09-03 06:29:48,2025-01-10 06:29:48,True
5503,Basic,2024-10-24 12:45:13,,True
3790,Pro,2025-02-24 03:39:19,2025-10-12 03:39:19,True
2328,Premium,2025-01-28 21:49:21,,False
4053,Premium,2025-09-19 19:49:52,,False
4504,Basic,2024-11-07 05:45:26,,False
5326,Pro,2024-07-13 07:36:31,,False
854,Basic,2025-04-30 06:23:35,2025-10-19 06:23:35,False
5618,Basic,2025-03-23 11:51:54,2025-09-14 11:51:54,False
2057,Basic,2024-06-17 17:14:08,,True
4524,Pro,2025-10-22 01:37:10,,True
1769,Basic,2024-05-29 02:40:43,,True
3463,Basic,2025-06-03 09:00:48,,False
3041,Basic,2025-03-30 09:01:09,,True
2875,Basic,2024-12-15 08:40:15,,False
5906,Pro,2024-08-01 03:43:08,,True
5780,Pro,2024-09-30 14:55:23,2025-02-17 14:55:23,False
2882,Pro,2024-05-27 17:27:15,2024-09-08 17:27:15,True
3927,Basic,2025-04-16 01:46:54,,True
2516,Basic,2024-02-19 05:41:29,,True
4899,Basic,2025-02-17 09:42:10,,True
1231,Pro,2024-02-03 03:03:04,,True
2803,Basic,2024-05-16 21:04:42,,True
3643,Basic,2024-06-30 04:37:31,,False
1510,Basic,2025-02-24 06:45:08,,True
5803,Basic,2024-08-16 09:13:44,,True
4433,Pro,2025-03-08 05:07:58,,False
4826,Basic,2024-12-08 10:52:20,,True
1333,Premium,2024-11-14 22:30:11,2025-06-24 22:30:11,True
954,Basic,2024-03-06 10:41:37,,True
4353,Basic,2025-09-01 15:30:40,,True
4565,Pro,2025-05-11 07:48:26,,True
1599,Basic,2024-08-23 21:54:34,2025-04-13 21:54:34,False
1592,Premium,2024-08-23 20:39:03,,True
277,Pro,2024-07-17 01:51:22,2024-09-02 01:51:22,True
3589,Basic,2024-06-22 21:00:28,2024-09-21 21:00:28,True
947,Pro,2025-07-22 11:56:17,2025-08-10 11:56:17,False
1368,Premium,2025-07-10 05:05:09,2025-08-16 05:05:09,True
1615,Basic,2025-10-20 01:24:39,,True
1285,Pro,2024-06-23 10:43:51,,True
326,Pro,2025-06-04 02:43:28,,False
1829,Premium,2025-06-08 22:47:18,,False
5924,Basic,2025-08-19 17:14:22,,True
3211,Pro,2024-12-08 15:57:17,2025-03-02 15:57:17,False
4703,Basic,2024-06-29 01:56:40,2024-09-25 01:56:40,True
265,Basic,2024-10-20 09:37:58,,True
4926,Premium,2025-08-21 23:02:05,2025-09-27 23:02:05,True
4746,Basic,2025-05-15 06:59:35,2025-10-27 06:59:35,True
814,Pro,2025-05-16 17:26:32,,True
1139,Pro,2024-01-29 17:38:49,,False
2459,Basic,2025-04-26 22:35:39,,True
5588,Basic,2025-10-18 20:56:33,,False
462,Premium,2024-02-18 02:35:40,,True
2132,Basic,2025-02-01 18:03:25,2025-03-29 18:03:25,True
3028,Pro,2024-09-12 18:22:40,,True
1234,Pro,2024-12-06 11:33:36,2025-07-03 11:33:36,True
4816,Pro,2024-09-20 15:49:05,,True
4384,Pro,2024-06-21 23:52:59,2024-12-01 23:52:59,True
782,Basic,2025-08-27 05:22:05,,False
4858,Basic,2025-07-27 08:17:19,2025-11-01 08:17:19,True
2792,Pro,2024-12-29 09:15:21,,True
2351,Pro,2025-04-13 05:56:33,2025-07-10 05:56:33,True
341,Pro,2024-08-25 15:30:47,,False
4267,Basic,2024-12-09 22:09:05,,False
172,Basic,2024-10-31 17:51:01,,False
3255,Basic,2025-08-08 10:59:17,,True
689,Pro,2024-06-16 19:54:31,2024-11-06 19:54:31,False
1977,Pro,2024-03-22 07:31:17,,True
4036,Pro,2025-02-14 14:19:45,,True
5967,Premium,2025-07-09 14:39:09,,False
317,Pro,2024-06-18 04:24:19,,True
4582,Premium,2025-05-22 22:02:18,,True
3401,Premium,2024-07-17 00:11:24,,True
4982,Basic,2024-05-19 14:15:10,2024-07-27 14:15:10,True
467,Basic,2025-07-05 20:18:57,,False
4500,Basic,2025-03-20 14:47:35,,True
2553,Premium,2024-01-13 10:57:43,,True
1441,Basic,2024-01-11 02:52:13,,False
3021,Basic,2024-05-03 01:40:57,2024-08-30 01:40:57,True
3470,Premium,2024-08-09 18:18:29,2024-09-28 18:18:29,True
735,Pro,2025-04-06 02:13:51,,False
3507,Pro,2024-05-08 21:20:50,,True
5529,Basic,2025-05-13 20:58:40,2025-09-10 20:58:40,True
730,Basic,2025-01-13 10:06:08,2025-02-28 10:06:08,True
2146,Premium,2025-02-21 06:30:02,,True
27,Basic,2025-09-10 09:42:56,,True
3564,Pro,2024-09-22 13:20:03,2024-11-03 13:20:03,True
788,Basic,2024-05-01 23:59:37,2024-09-21 23:59:37,True
1693,Basic,2025-10-19 20:16:32,,False
2622,Pro,2024-06-06 09:54:12,2024-06-23 09:54:12,True
116,Premium,2024-08-17 10:42:27,,True
5174,Basic,2024-11-06 07:07:14,,False
860,Pro,2025-07-16 16:38:22,,False
2002,Premium,2025-05-26 11:00:24,,True
3616,Pro,2024-03-01 21:53:08,2024-05-06 21:53:08,True
2478,Pro,2024-09-03 11:44:03,,True
5279,Pro,2024-02-23 21:33:51,2024-03-04 21:33:51,False
437,Premium,2025-09-05 05:12:45,,False
4841,Basic,2024-05-04 00:04:27,,True
1132,Basic,2024-03-27 11:55:58,2024-06-20 11:55:58,True
5410,Basic,2025-08-09 19:25:45,,True
3010,Basic,2025-09-24 10:49:34,,True
5785,Premium,2024-11-27 06:30:48,,True
5354,Basic,2025-01-17 02:24:45,,True
2501,Basic,2024-11-09 04:58:28,2025-05-05 04:58:28,True
2517,Pro,2025-07-25 00:10:14,,True
3352,Pro,2024-01-04 12:25:54,2024-06-20 12:25:54,True
4597,Basic,2025-09-29 09:12:18,,True
318,Pro,2025-02-10 06:11:27,,True
4976,Pro,2025-04-17 15:51:48,2025-09-30 15:51:48,True
181,Pro,2024-11-13 14:25:00,,False
3295,Pro,2024-02-04 08:24:27,2024-09-12 08:24:27,True
1534,Basic,2024-03-09 20:04:52,2024-08-11 20:04:52,False
5966,Premium,2024-01-16 07:49:31,2024-08-17 07:49:31,False
2127,Premium,2024-10-20 16:11:25,,True
4375,Pro,2024-11-27 19:32:39,,True
2160,Pro,2024-09-03 11:41:38,,True
4328,Basic,2025-01-27 18:27:19,2025-05-19 18:27:19,True
4047,Pro,2025-04-27 21:00:05,2025-09-25 21:00:05,False
398,Basic,2024-12-12 05:55:42,,False
5441,Pro,2025-01-24 22:39:09,,True
5440,Premium,2025-06-10 08:45:03,,True
4919,Premium,2024-05-04 07:49:49,,True
776,Pro,2025-07-02 02:50:40,,True
5659,Pro,2024-08-29 02:54:06,2025-01-26 02:54:06,False
5758,Basic,2024-04-10 12:50:12,2024-04-17 12:50:12,True
692,Basic,2025-07-24 22:16:47,,True
4188,Premium,2024-10-14 00:20:45,,False
3617,Pro,2025-10-20 07:07:54,,True
1835,Pro,2024-11-23 10:09:10,2025-01-02 10:09:10,False
2306,Pro,2024-10-07 00:49:29,,False
5882,Pro,2025-03-05 00:49:05,,True
5433,Basic,2024-04-11 14:12:36,,False
951,Pro,2025-08-09 18:48:44,2025-08-29 18:48:44,True
2521,Basic,2025-03-23 21:14:47,,True
5687,Premium,2024-06-18 17:44:45,,True
2295,Pro,2025-03-08 11:21:14,,True
3002,Basic,2025-09-27 08:22:03,,False
4367,Pro,2024-09-13 01:01:17,,True
4172,Pro,2024-07-13 14:27:34,,True
973,Pro,2025-06-29 14:32:48,,True
1794,Basic,2025-05-11 00:41:58,2025-10-27 00:41:58,True
675,Pro,2024-02-02 05:42:53,,True
4678,Basic,2025-05-02 17:54:10,,True
2491,Pro,2025-05-26 21:12:18,,True
3963,Basic,2024-08-21 10:31:55,2024-08-28 10:31:55,True
349,Pro,2025-07-14 17:10:21,,True
2716,Basic,2024-08-16 19:22:07,2024-12-23 19:22:07,False
971,Basic,2025-05-01 05:36:46,,True
3504,Basic,2024-09-18 13:26:42,,True
5612,Basic,2024-01-14 19:07:07,,True
2679,Premium,2025-06-19 11:41:33,2025-11-02 11:41:33,False
5445,Pro,2024-06-29 15:16:16,2025-02-10 15:16:16,True
2156,Pro,2025-03-22 01:00:22,,True
5254,Basic,2025-03-03 14:42:43,,True
4198,Pro,2024-11-06 05:23:13,,True
4063,Pro,2024-05-30 09:41:03,,False
3107,Basic,2025-02-13 08:05:37,,False
2339,Premium,2024-06-03 04:05:14,,True
3441,Pro,2025-08-02 19:49:39,,False
2141,Basic,2024-07-16 02:27:00,2024-11-18 02:27:00,True
2514,Basic,2024-10-19 19:59:22,,True
5052,Pro,2024-10-29 23:06:44,,True
5978,Pro,2025-04-13 02:38:34,,True
636,Basic,2025-08-09 19:21:41,,True
5081,Premium,2024-01-18 14:28:47,2024-03-20 14:28:47,True
1392,Pro,2025-02-10 08:41:27,,True
5634,Pro,2024-04-03 01:17:58,,True
3172,Premium,2024-07-18 23:57:31,,True
3365,Basic,2024-08-16 12:32:09,2024-09-29 12:32:09,True
1069,Pro,2025-04-16 14:16:24,,True
3915,Premium,2025-02-16 11:37:58,,True
4880,Pro,2024-10-30 22:24:16,2025-03-05 22:24:16,False
2248,Basic,2024-02-03 19:48:37,,False
1437,Pro,2024-04-16 18:10:43,2024-08-08 18:10:43,True
4248,Basic,2025-04-14 22:24:14,,False
4537,Pro,2025-07-06 08:34:18,,False
3257,Premium,2024-11-10 03:03:42,,False
1915,Basic,2025-09-08 10:48:57,,True
4615,Premium,2024-09-13 21:27:51,2025-01-29 21:27:51,True
4896,Basic,2024-06-23 20:42:19,,True
450,Pro,2024-05-22 09:06:51,2024-08-26 09:06:51,True
4273,Pro,2025-06-17 20:47:22,,True
2135,Pro,2025-03-07 18:35:47,,True
3058,Basic,2025-07-05 05:17:59,,True
4594,Premium,2024-06-22 03:46:39,2025-01-28 03:46:39,True
5645,Basic,2024-02-29 14:19:16,,True
1918,Pro,2024-09-24 14:56:22,,True
1629,Pro,2025-05-29 19:25:23,,True
2764,Basic,2024-06-05 10:25:42,,True
1394,Pro,2024-01-18 05:05:00,,True
1054,Pro,2025-01-07 08:08:20,,False
4296,Basic,2024-01-13 22:27:41,,False
5008,Pro,2024-12-28 04:22:48,2025-02-05 04:22:48,False
3998,Pro,2025-04-11 18:01:49,,True
1251,Basic,2025-09-11 18:04:41,,True
769,Basic,2024-03-22 02:14:36,,True
4905,Basic,2025-04-24 23:46:17,,False
1564,Pro,2024-02-02 23:16:38,2024-07-02 23:16:38,True
5773,Pro,2025-09-10 05:11:14,,False
2734,Pro,2024-08-14 09:43:00,,False
1522,Pro,2025-07-01 22:49:06,2025-10-22 22:49:06,True
936,Pro,2025-02-13 05:20:41,,True
30,Pro,2025-06-24 14:48:46,,True
2331,Basic,2025-01-20 09:39:26,,True
2958,Pro,2025-02-05 02:07:46,2025-08-09 02:07:46,True
3491,Basic,2024-11-25 23:24:47,,True
5682,Pro,2024-01-18 18:24:54,,False
4066,Premium,2024-02-28 19:12:04,,False
1433,Basic,2024-10-05 18:37:52,2024-11-05 18:37:52,False
1895,Pro,2024-02-18 05:54:18,2024-09-14 05:54:18,True
2508,Basic,2025-02-04 11:45:34,2025-07-27 11:45:34,False
4801,Basic,2025-07-06 02:01:40,,True
264,Basic,2025-08-17 07:23:02,,True
3268,Premium,2025-05-09 23:40:57,,False
3198,Basic,2025-09-14 17:02:53,,True
967,Premium,2024-06-24 10:56:54,,True
4264,Pro,2024-07-04 10:34:58,,True
1568,Pro,2024-08-03 06:28:59,,True
2207,Pro,2025-09-20 15:46:14,,True
3320,Basic,2024-09-04 13:32:06,,True
3084,Basic,2024-02-24 17:05:04,,False
4775,Basic,2024-05-19 07:17:57,2024-10-11 07:17:57,False
1127,Premium,2025-04-15 19:59:42,2025-04-24 19:59:42,False
1661,Premium,2025-02-13 23:09:24,,True
1439,Premium,2024-04-25 16:57:27,2024-11-22 16:57:27,True
2597,Pro,2025-04-13 06:49:46,,True
2983,Basic,2025-05-16 10:44:36,,True
2985,Basic,2025-07-31 18:41:40,,True
363,Pro,2024-07-14 07:44:53,,False
2839,Pro,2024-09-26 13:42:44,,True
3307,Pro,2024-07-31 08:03:55,,False
4192,Pro,2025-08-08 07:36:20,2025-09-27 07:36:20,True
3337,Basic,2024-03-08 13:05:14,,True
3583,Basic,2025-01-29 12:54:57,,False
3889,Basic,2024-06-11 03:06:28,2025-01-05 03:06:28,False
5603,Basic,2024-06-03 19:15:08,2024-09-30 19:15:08,True
4874,Basic,2025-08-27 20:45:29,,True
2383,Basic,2025-01-20 09:20:57,,False
2656,Premium,2025-03-11 00:25:20,,True
4795,Pro,2025-02-08 13:50:09,,True
2918,Basic,2024-03-24 22:12:29,,True
2169,Basic,2024-08-24 08:55:31,,True
2142,Basic,2025-05-20 08:08:40,,True
2348,Basic,2025-01-16 17:21:09,2025-02-14 17:21:09,True
819,Basic,2025-08-07 16:31:10,,False
4777,Basic,2025-07-04 07:03:37,,True
2393,Basic,2024-08-26 21:26:35,,True
4019,Basic,2024-04-22 09:30:24,,True
2371,Basic,2024-09-28 21:33:24,,False
2616,Basic,2024-01-19 08:35:25,,False
4951,Basic,2024-12-21 15:03:29,,True
1521,Pro,2025-09-15 12:44:56,,True
3935,Pro,2024-08-27 15:04:37,2025-01-03 15:04:37,True
565,Basic,2024-06-21 17:20:36,2024-08-17 17:20:36,True
155,Basic,2025-02-12 20:04:58,,True
1393,Basic,2025-10-17 16:17:02,,True
1159,Basic,2024-04-13 05:01:38,2024-06-29 05:01:38,False
4634,Basic,2024-02-05 14:12:59,,True
2395,Basic,2025-09-29 12:27:07,,True
2402,Basic,2024-06-04 08:15:31,2024-10-16 08:15:31,True
5281,Premium,2025-04-07 00:29:24,2025-10-11 00:29:24,False
1060,Basic,2024-10-03 03:51:30,,True
5944,Basic,2025-10-03 15:04:38,,True
2080,Basic,2025-06-06 23:32:36,,True
2083,Basic,2024-02-16 06:28:00,,True
5053,Basic,2025-05-20 03:40:59,,False
3671,Premium,2025-07-06 05:47:08,,True
4131,Premium,2025-09-15 08:15:35,,True
2879,Basic,2024-02-13 02:38:26,,True
2757,Premium,2024-12-10 07:24:13,2025-01-16 07:24:13,False
3966,Basic,2025-01-29 20:33:23,2025-03-13 20:33:23,True
3965,Pro,2024-11-28 06:49:38,2025-06-22 06:49:38,True
691,Basic,2024-12-13 09:06:56,,True
1571,Premium,2024-12-12 18:37:04,,True
1449,Basic,2024-09-15 14:29:52,2025-01-02 14:29:52,True
241,Basic,2024-09-16 11:07:19,,True
3411,Basic,2024-01-01 10:55:59,,True
4669,Pro,2024-01-27 20:21:56,,True
243,Basic,2025-08-26 17:56:52,,True
3990,Basic,2024-09-06 05:04:51,,False
5217,Basic,2024-05-27 15:54:43,,False
5540,Pro,2025-08-05 11:12:52,,True
2806,Pro,2024-09-04 12:42:16,,True
4988,Pro,2025-01-11 01:26:04,,True
428,Basic,2025-09-09 19:50:12,,True
262,Basic,2025-10-22 10:38:34,,True
2293,Pro,2025-05-09 19:08:09,,False
1988,Basic,2025-05-06 02:44:02,,True
5702,Basic,2025-09-27 16:29:43,,True
5796,Pro,2024-10-25 02:20:23,,True
2070,Basic,2025-07-07 18:54:13,,True
3586,Pro,2024-02-16 07:56:23,2024-08-07 07:56:23,False
4103,Basic,2025-05-21 15:56:43,2025-07-25 15:56:43,True
4311,Premium,2024-06-19 20:05:39,2024-10-08 20:05:39,True
629,Pro,2024-10-31 19:59:55,,True
4021,Pro,2024-12-17 08:14:55,,True
5609,Basic,2024-06-11 07:38:24,2024-07-02 07:38:24,True
5875,Pro,2024-06-17 18:20:07,,False
1630,Basic,2024-10-29 04:26:19,,True
4110,Pro,2024-02-22 18:54:23,2024-04-01 18:54:23,True
1692,Pro,2024-07-28 00:49:31,,True
5231,Basic,2024-05-20 09:40:42,2024-09-22 09:40:42,True
512,Pro,2024-07-15 16:04:02,2024-12-18 16:04:02,False
1188,Basic,2025-01-01 10:17:44,2025-08-23 10:17:44,True
3922,Basic,2024-08-06 03:15:08,,False
570,Premium,2024-03-06 15:50:48,2024-08-21 15:50:48,False
5482,Basic,2024-10-03 17:41:46,,True
4420,Basic,2025-08-16 18:57:23,,False
3527,Basic,2025-10-05 07:18:31,,False
5904,Basic,2024-03-13 08:29:57,,True
442,Pro,2025-10-07 10:29:50,,False
1499,Basic,2024-12-03 12:33:21,,True
4721,Pro,2025-07-24 13:38:34,,False
1616,Basic,2024-06-22 21:41:40,2024-07-13 21:41:40,True
152,Basic,2024-04-26 09:03:16,,True
3204,Premium,2025-04-23 07:42:22,,False
2466,Basic,2024-09-02 10:27:07,2024-11-22 10:27:07,True
2524,Premium,2024-12-05 05:21:02,2024-12-25 05:21:02,False
795,Pro,2024-11-18 22:00:59,,True
3226,Basic,2025-07-04 12:40:20,,True
2212,Basic,2024-02-20 00:19:04,,True
3,Pro,2025-05-13 02:02:24,2025-10-07 02:02:24,True
2674,Pro,2024-08-01 19:05:01,2025-01-19 19:05:01,True
5840,Premium,2025-01-29 19:29:02,,True
5288,Pro,2025-08-20 13:35:54,,False
3728,Premium,2025-09-09 05:43:29,,False
2053,Basic,2025-09-09 20:12:41,,True
3537,Pro,2025-06-20 07:57:38,2025-08-22 07:57:38,True
3302,Basic,2024-05-01 08:58:45,,True
4849,Basic,2025-06-27 06:43:38,,True
1684,Premium,2024-07-24 09:16:25,,False
430,Basic,2025-05-21 21:01:35,2025-09-01 21:01:35,True
5471,Basic,2024-07-07 00:38:36,,True
1451,Basic,2024-11-19 13:31:47,,True
1654,Premium,2024-08-22 08:43:40,2024-12-29 08:43:40,True
4633,Pro,2025-02-27 20:09:29,,True
2780,Basic,2024-09-22 15:45:46,,True
4616,Basic,2024-02-28 09:42:35,2024-04-21 09:42:35,True
2147,Pro,2024-12-10 13:34:50,,False
3825,Basic,2025-02-13 17:12:31,,True
834,Pro,2024-05-05 19:12:43,2024-09-19 19:12:43,True
321,Pro,2025-06-24 02:57:18,,True
5307,Basic,2024-12-15 05:10:36,2025-04-22 05:10:36,True
5478,Basic,2025-06-13 02:17:52,2025-11-01 02:17:52,True
2493,Pro,2024-10-07 22:17:59,2024-12-01 22:17:59,False
3350,Basic,2025-08-01 07:58:44,,True
5055,Basic,2025-01-19 19:57:36,,True
1653,Basic,2025-01-03 05:21:04,2025-04-07 05:21:04,True
1227,Basic,2024-06-06 15:33:43,,True
5643,Basic,2024-02-16 17:42:34,,False
2640,Pro,2025-08-15 05:31:15,2025-09-11 05:31:15,True
5298,Basic,2024-10-27 10:54:39,,True
3330,Basic,2024-02-23 01:29:14,,True
1244,Premium,2024-07-21 06:48:34,,True
5666,Basic,2024-10-30 17:02:58,2025-05-15 17:02:58,True
2284,Pro,2024-01-23 21:35:50,,False
686,Basic,2024-03-03 03:47:19,,True
436,Basic,2025-01-17 14:44:42,,True
3903,Premium,2025-06-04 04:05:32,,True
3906,Pro,2024-07-16 23:58:58,2024-09-13 23:58:58,False
1998,Basic,2025-08-17 21:13:02,,True
2467,Pro,2024-03-07 18:37:49,,True
1779,Basic,2025-04-07 12:17:49,,True
994,Premium,2024-10-20 11:41:22,,True
4774,Basic,2024-08-26 02:57:12,2025-04-20 02:57:12,True
5123,Premium,2024-01-20 22:10:07,2024-06-01 22:10:07,True
5244,Basic,2025-07-17 15:59:36,,True
731,Pro,2024-02-16 18:07:53,2024-10-11 18:07:53,True
5070,Premium,2024-02-17 16:37:04,,False
5066,Premium,2025-10-02 22:58:19,,True
792,Basic,2025-07-19 18:32:32,,False
2662,Premium,2025-04-01 20:18:54,,True
5321,Premium,2024-04-30 10:58:47,,True
1608,Pro,2024-09-11 07:14:58,,True
1436,Pro,2024-11-16 06:10:59,2025-04-02 06:10:59,True
5838,Pro,2025-06-09 12:47:30,2025-08-12 12:47:30,True
315,Basic,2025-01-31 17:07:53,2025-05-13 17:07:53,True
5579,Basic,2025-09-05 15:59:32,,False
3765,Pro,2024-06-06 02:19:40,2025-01-03 02:19:40,True
3895,Pro,2025-10-21 10:19:29,,True
953,Basic,2025-06-09 17:33:38,,False
2116,Pro,2024-09-13 08:35:24,,True
3453,Premium,2025-04-11 10:19:14,2025-07-22 10:19:14,True
1953,Pro,2025-05-23 13:53:54,2025-09-02 13:53:54,True
3044,Premium,2024-11-27 08:54:03,2025-04-30 08:54:03,True
1072,Basic,2025-10-05 21:23:29,,False
5476,Pro,2024-04-08 04:20:33,,True
5884,Pro,2024-12-12 12:04:36,,True
